orbit,weight,n_cosets,n_words,support
0,12,36,36085,1 24 48 49 72 73 74 84 96 97 108 122
62,12,36,10158,9 18 27 30 39 51 73 74 108 110 111 112
5,12,36,3623,3 9 12 18 24 27 30 33 36 42 48 54
48,12,36,36093,0 4 17 21 30 33 51 55 64 99 112 128
46,12,36,6946,0 21 30 33 39 51 87 89 124 125 126 127
28,12,36,7546,6 15 24 27 45 57 87 89 124 125 126 127
69,12,12,2373,2 8 28 34 48 54 76 82 96 102 122 128
2,12,9,9845,0 12 36 48 72 73 84 85 108 109 120 121
125,12,9,9834,15 19 24 28 49 57 66 70 72 80 110 114
10,14,36,3572,7 18 21 39 48 60 67 69 80 103 115 138 139 140
27,14,36,2071,0 10 31 33 43 55 74 75 78 93 94 109 113 116
53,14,36,1282,9 18 39 48 96 98 99 101 102 103 133 134 135 137
105,14,36,3566,3 12 17 33 34 77 80 98 99 115 117 118 128 133
9,14,36,2923,16 17 24 26 38 72 92 98 109 110 127 128 129 130
15,14,36,6636,15 24 41 45 53 57 75 77 78 79 89 112 114 127
64,14,36,1144,21 30 40 52 77 85 86 87 112 114 115 120 122 125
45,14,36,1572,6 16 24 26 38 45 52 57 74 98 100 111 126 127
71,14,36,1567,22 36 43 53 62 66 76 84 103 110 126 140 141 142
112,14,36,2207,7 9 16 18 25 58 74 103 108 111 112 138 139 140
18,14,36,7577,19 36 54 57 67 69 75 77 92 102 112 113 127 140
61,14,36,6631,5 9 18 27 36 48 57 65 79 102 103 113 137 139
8,14,36,7126,5 17 38 40 69 79 86 91 96 123 124 125 133 134
142,14,36,2855,2 12 14 21 26 33 45 65 85 102 103 120 137 139
114,14,36,1142,1 6 15 18 22 24 31 34 45 57 75 91 113 128
63,14,36,2068,9 16 25 30 37 40 49 52 75 90 91 108 109 113
55,14,36,2214,0 2 5 14 26 33 54 63 78 85 113 114 115 120
29,14,36,7568,5 17 18 36 57 65 68 69 75 103 112 138 140 141
13,14,36,7131,16 24 28 38 45 54 67 77 84 98 102 121 122 140
43,14,36,1066,5 9 17 30 73 74 75 76 77 78 91 108 110 125
60,14,36,1280,0 21 42 51 97 98 100 101 102 103 132 134 136 137
85,14,36,2926,3 22 24 31 42 45 54 57 79 86 87 116 121 125
17,14,36,2852,17 19 26 28 37 49 75 93 94 109 112 113 120 128
56,14,36,1071,5 6 9 17 27 30 36 48 57 66 77 78 91 125
1,14,12,6465,0 1 12 24 36 49 74 85 96 97 109 120 121 122
77,14,12,6466,12 19 28 29 33 37 45 58 70 77 114 115 123 140
25,16,36,141,1 19 28 49 53 61 69 76 77 78 79 92 96 97 112 135
6,16,36,287,0 5 17 19 21 28 31 33 56 88 92 104 111 126 128 129
19,16,36,861,0 5 21 29 33 40 54 63 65 77 78 100 103 113 123 138
81,16,36,432,10 18 22 27 38 41 50 53 72 75 80 92 112 117 118 121
92,16,36,215,0 22 31 34 40 49 51 61 90 91 92 93 94 127 132 133
30,16,36,500,9 13 18 27 30 37 38 49 51 85 86 108 109 111 122 133
89,16,36,354,0 21 22 30 31 34 40 43 49 51 55 61 78 116 132 133
66,16,36,216,5 21 26 30 37 40 49 52 75 76 78 109 114 115 120 125
57,16,36,645,0 4 7 16 21 29 30 33 54 78 79 80 102 111 114 124
50,16,36,286,21 32 38 50 53 62 65 66 77 85 88 104 105 115 120 123
11,16,36,639,9 15 17 30 36 38 39 48 84 88 91 98 99 121 122 125
41,16,36,215,0 4 12 21 26 30 51 72 76 86 99 109 110 113 114 115
26,16,36,286,0 7 21 28 30 33 77 78 79 80 88 111 114 125 126 127
14,16,36,859,4 12 13 16 33 34 46 54 63 67 77 80 111 115 117 118
103,16,36,71,3 4 13 15 22 25 34 36 55 66 84 85 103 140 141 142
82,16,36,214,1 17 19 22 26 28 31 34 74 84 91 111 121 122 129 130
116,16,36,70,3 6 12 25 33 45 46 55 58 66 80 100 115 135 136 137
132,16,36,214,16 37 53 58 67 69 70 78 79 92 96 98 113 133 134 135
35,16,36,286,6 15 24 27 39 42 45 51 54 57 76 77 111 113 114 115
59,16,36,357,4 33 39 54 65 87 97 98 100 113 114 115 132 134 137 138
22,16,36,72,15 21 24 36 39 43 45 48 60 67 78 103 116 126 127 140
20,16,36,430,4 7 19 33 43 52 53 64 70 78 98 113 116 127 132 135
36,16,36,142,3 4 6 16 24 45 55 57 65 76 88 90 123 124 128 138
34,16,36,213,0 4 25 33 38 43 50 64 73 78 89 112 116 120 126 127
74,16,36,72,2 10 14 18 27 31 85 86 87 91 93 94 109 113 120 128
76,16,36,495,6 15 19 24 36 48 49 62 70 72 79 81 82 101 116 122
40,16,36,71,4 12 16 33 40 43 45 52 64 66 76 78 89 113 116 123
52,16,36,216,4 12 16 28 33 43 45 55 56 90 91 116 123 124 129 139
79,16,36,70,4 9 13 16 21 34 74 78 92 93 94 108 111 112 116 127
37,16,36,358,3 9 15 30 48 69 75 77 78 79 87 88 112 113 123 124
12,16,36,213,6 9 15 24 27 30 42 45 48 54 57 69 78 79 114 115
44,16,36,284,3 12 21 24 27 33 36 48 54 60 99 101 102 103 136 137
38,16,36,72,14 18 26 36 38 57 65 69 75 98 99 101 112 134 135 139
131,16,36,287,1 10 13 18 22 27 39 43 60 64 91 93 94 108 109 128
39,16,36,71,6 17 26 27 48 69 73 86 88 91 108 110 111 123 124 125
73,16,36,144,0 12 21 22 65 76 77 80 86 87 104 111 115 117 118 121
83,16,36,351,6 13 24 34 43 45 46 52 54 57 64 66 101 102 135 140
107,16,36,71,8 22 29 31 40 61 73 82 88 89 90 108 109 110 111 125
78,16,36,216,7 16 37 58 96 97 98 99 101 104 133 136 137 138 141 142
31,16,36,144,2 3 5 14 21 24 26 30 42 45 54 57 79 85 113 120
54,16,36,214,13 21 34 36 39 46 48 57 60 64 75 79 103 113 116 140
47,16,36,71,3 24 36 45 48 53 62 66 73 74 75 89 108 122 123 127
84,16,36,71,3 10 24 31 54 63 72 75 91 110 111 112 113 128 129 130
33,16,36,72,9 18 19 39 40 49 58 60 61 70 103 120 121 138 139 140
147,16,12,72,1 4 12 13 25 33 45 57 77 78 79 84 85 112 114 115
91,16,12,70,1 5 12 17 22 34 45 67 78 88 89 105 106 112 123 128
97,16,12,72,10 19 21 28 37 40 42 49 86 100 104 120 123 124 137 138
101,16,9,623,4 5 16 22 26 32 45 72 87 105 109 110 115 116 121 127
148,16,9,108,0 3 6 15 18 33 36 39 42 51 54 69 84 85 120 121
134,16,9,106,17 26 59 68 72 73 76 78 81 83 108 111 113 114 115 118
110,16,9,108,12 13 33 34 54 55 63 64 73 75 76 80 110 115 117 118
150,16,9,36,6 15 21 24 42 51 57 60 72 73 102 103 108 109 138 139
146,16,9,108,18 33 54 69 78 79 96 97 99 100 114 115 132 133 135 136
124,16,9,36,7 9 16 18 37 39 48 58 96 97 98 103 133 138 139 140
4,16,3,71,6 15 24 27 36 48 72 73 76 77 78 79 108 109 111 113
152,16,3,72,0 12 15 21 24 30 42 57 63 66 75 77 78 79 112 113
154,16,3,72,3 9 18 24 27 30 36 45 48 66 88 89 123 125 126 127
129,16,3,18,1 7 13 19 40 46 52 58 84 85 90 91 123 124 129 130
141,16,3,54,72 73 75 76 78 79 81 82 108 109 111 112 114 115 117 118
153,16,3,71,3 12 24 33 45 57 72 74 78 79 109 110 111 112 114 115
